{
  "plans": [
    {
      "id": "free",
      "name": "Free",
      "monthly": 0,
      "yearly": 0,
      "notes": "1 free 6s watermarked"
    },
    {
      "id": "pro",
      "name": "Pro",
      "monthly": 19,
      "yearly": 300,
      "stripe_price_id": "REPLACE_WITH_STRIPE_PRICE_ID"
    },
    {
      "id": "diamond",
      "name": "Diamond",
      "monthly": 49,
      "yearly": 450,
      "stripe_price_id": "REPLACE_WITH_STRIPE_PRICE_ID"
    },
    {
      "id": "cinematic",
      "name": "Cinematic Universe",
      "monthly": 99,
      "yearly": 600,
      "stripe_price_id": "REPLACE_WITH_STRIPE_PRICE_ID"
    },
    {
      "id": "lifetime",
      "name": "Lifetime",
      "one_time": 500,
      "stripe_price_id": "REPLACE_WITH_STRIPE_PRICE_ID"
    },
    {
      "id": "fame_booster",
      "name": "Fame Booster",
      "one_time": 9,
      "notes": "Promote a video"
    }
  ],
  "notes": "Replace stripe_price_id with your actual Stripe Price IDs. Use these slugs in your backend for mapping."
}